heart_rate,cadence,power,core_temperature,skin_temperature
139,89,269,37.51,31.2
139,89,266,37.51,31.2
139,90,262,37.51,31.2
139,90,256,37.51,31.2
139,90,257,37.51,31.2
139,90,256,37.51,31.2
139,90,257,37.51,31.2
139,90,256,37.51,31.2
139,90,257,37.51,31.2
139,90,258,37.51,31.2
139,90,259,37.51,31.2
139,90,258,37.5,31.2
138,90,258,37.5,31.2
138,90,256,37.5,31.2
138,90,256,37.5,31.2
138,90,259,37.5,31.2
138,90,260,37.5,31.2
138,90,261,37.5,31.2
138,90,263,37.5,31.2
139,90,266,37.5,31.2
139,90,266,37.5,31.2
139,90,262,37.5,31.2
139,90,262,37.53,31.2
139,90,264,37.53,31.2
139,90,266,37.53,31.2
139,91,266,37.53,31.2
139,91,268,37.53,31.2
139,90,272,37.53,31.2
139,90,276,37.53,31.2
139,90,275,37.53,31.2
140,90,270,37.53,31.2
140,90,266,37.53,31.2
140,90,262,37.53,31.2
140,90,261,37.52,31.2
140,90,257,37.52,31.2
139,90,253,37.52,31.2
139,90,255,37.52,31.2
141,89,256,37.62,31.2
141,89,259,37.62,31.2
141,89,259,37.62,31.2
141,89,262,37.62,31.2
141,89,261,37.62,31.2
142,89,259,37.63,31.15
141,89,261,37.63,31.2
141,89,263,37.63,31.2
141,89,266,37.63,31.2
141,89,264,37.63,31.2
140,90,263,37.63,31.2
140,89,263,37.63,31.2
140,89,262,37.63,31.2
141,89,261,37.62,31.2
141,89,258,37.62,31.15
141,89,257,37.62,31.2
141,89,256,37.62,31.15
142,90,255,37.62,31.15
142,89,255,37.62,31.15
143,90,254,37.62,31.15
143,90,254,37.62,31.15
143,90,255,37.62,31.15
143,90,256,37.63,31.15
143,90,257,37.62,31.15
143,90,257,37.62,31.15
144,90,257,37.62,31.15
144,90,260,37.62,31.15
144,90,261,37.62,31.15
144,90,261,37.62,31.15
144,90,261,37.62,31.15
144,90,261,37.62,31.15
144,90,261,37.62,31.15
143,90,258,37.62,31.15
143,90,258,37.62,31.15
142,90,259,37.62,31.15
143,90,260,37.62,31.15
142,89,262,37.62,31.15
142,89,262,37.64,31.15
142,89,264,37.64,31.15
141,90,265,37.64,31.15
141,90,264,37.64,31.15
142,90,264,37.64,31.15
142,90,267,37.64,31.15
142,90,268,37.64,31.15
142,90,271,37.63,31.15
142,90,270,37.63,31.15
142,90,270,37.63,31.15
142,90,269,37.63,31.15
142,90,269,37.63,31.15
143,90,267,37.63,31.15
143,90,264,37.63,31.15
143,90,267,37.63,31.15
143,90,266,37.63,31.15
142,90,264,37.64,31.15
143,90,264,37.65,31.15
143,90,263,37.65,31.15
143,90,263,37.65,31.15
143,90,264,37.65,31.15
143,90,258,37.65,31.15
144,90,258,37.65,31.15
144,90,261,37.65,31.15
143,90,263,37.65,31.15
144,90,265,37.65,31.15
143,90,267,37.66,31.15
144,90,268,37.66,31.15
144,90,271,37.66,31.15
143,90,269,37.66,31.15
143,90,266,37.66,31.15
143,90,264,37.66,31.15
144,89,262,37.66,31.15
143,90,262,37.66,31.15
143,90,260,37.66,31.15
144,90,261,37.66,31.15
143,90,260,37.65,31.15
144,90,259,37.65,31.15
144,90,259,37.65,31.15
143,90,259,37.65,31.15
143,90,260,37.65,31.15
143,90,260,37.65,31.15
143,90,262,37.65,31.15
143,90,264,37.65,31.15
143,90,265,37.66,31.15
143,91,268,37.66,31.15
142,91,272,37.65,31.15
142,91,271,37.65,31.15
142,91,276,37.65,31.15
142,90,278,37.65,31.15
142,90,276,37.65,31.15
143,90,276,37.65,31.15
142,90,276,37.65,31.15
142,90,273,37.65,31.15
142,91,273,37.65,31.15
142,91,269,37.65,31.15
142,91,273,37.65,31.15
143,91,274,37.67,31.15
142,91,272,37.67,31.15
142,91,268,37.67,31.15
142,91,266,37.67,31.15
142,91,264,37.67,31.15
141,91,261,37.67,31.15
141,91,259,37.67,31.15
141,91,254,37.67,31.15
142,91,254,37.67,31.15
142,91,257,37.66,31.15
142,91,257,37.66,31.15
142,91,257,37.66,31.15
142,91,257,37.66,31.15
142,91,257,37.66,31.15
142,91,258,37.66,31.15
142,91,261,37.66,31.15
142,90,260,37.66,31.15
142,90,261,37.66,31.15
141,90,266,37.67,31.15
141,90,269,37.68,31.15
142,90,272,37.68,31.15
142,91,274,37.68,31.15
141,91,270,37.68,31.15
142,91,272,37.68,31.15
142,91,271,37.68,31.15
142,91,270,37.68,31.15
142,91,266,37.68,31.15
142,91,265,37.68,31.15
142,91,263,37.68,31.15
142,91,262,37.68,31.15
142,91,260,37.68,31.15
142,91,259,37.68,31.15
142,91,259,37.68,31.15
142,91,258,37.68,31.15
142,91,258,37.69,31.15
142,91,258,37.69,31.15
142,91,255,37.69,31.15
142,91,251,37.69,31.15
142,91,248,37.69,31.15
142,91,245,37.69,31.15
143,91,244,37.68,31.15
142,91,247,37.68,31.15
142,91,256,37.68,31.15
142,91,257,37.68,31.15
142,91,262,37.68,31.15
142,91,263,37.68,31.15
143,91,268,37.68,31.15
142,91,275,37.69,31.15
142,91,272,37.69,31.15
143,91,269,37.68,31.1
143,91,271,37.68,31.1
143,90,272,37.68,31.1
143,90,271,37.68,31.1
143,91,265,37.68,31.1
143,92,262,37.68,31.1
143,91,261,37.68,31.1
142,90,262,37.68,31.1
142,91,262,37.68,31.1
141,91,262,37.68,31.1
141,91,257,37.68,31.1
141,91,258,37.68,31.1
141,91,262,37.7,31.1
141,91,263,37.7,31.1
141,91,262,37.7,31.1
141,91,263,37.7,31.1
142,90,265,37.7,31.1
143,90,266,37.7,31.1
143,90,262,37.7,31.1
144,89,261,37.7,31.1
144,89,260,37.69,31.1
144,90,259,37.69,31.1
145,89,258,37.69,31.1
145,89,258,37.69,31.1
145,90,254,37.69,31.1
145,90,255,37.69,31.1
145,90,257,37.69,31.1
145,90,256,37.69,31.1
145,90,257,37.69,31.1
144,90,258,37.69,31.1
145,90,257,37.69,31.1
145,90,256,37.7,31.1
144,90,257,37.7,31.1
145,90,255,37.7,31.1
144,90,254,37.7,31.1
144,89,254,37.7,31.1
144,89,255,37.7,31.1
144,89,255,37.7,31.1
144,89,254,37.7,31.1
143,89,256,37.7,31.1
143,89,255,37.7,31.1
143,89,256,37.71,31.1
143,89,255,37.71,31.1
142,89,255,37.72,31.1
142,89,256,37.72,31.1
142,89,260,37.72,31.1
142,89,263,37.72,31.1
142,89,262,37.72,31.1
141,89,263,37.72,31.1
141,89,263,37.72,31.1
141,89,265,37.71,31.1
141,89,265,37.71,31.1
140,89,260,37.71,31.1
140,86,244,37.71,31.1
140,86,236,37.71,31.1
139,86,234,37.71,31.1
139,86,233,37.71,31.1
139,86,233,37.71,31.1
139,88,238,37.71,31.1
139,89,245,37.71,31.1
140,89,257,37.71,31.1
140,89,259,37.7,31.1
140,89,261,37.7,31.1
140,89,262,37.7,31.1
140,89,263,37.7,31.1
140,89,262,37.7,31.1
140,89,259,37.7,31.1
141,89,257,37.7,31.1
140,89,259,37.7,31.1
141,90,257,37.7,31.1
141,88,256,37.72,31.1
141,88,256,37.72,31.1
141,89,254,37.72,31.1
141,89,254,37.72,31.1
141,89,258,37.72,31.1
141,89,256,37.72,31.1
141,89,259,37.72,31.1
141,89,257,37.72,31.1
141,90,255,37.72,31.1
140,90,255,37.72,31.1
140,90,258,37.71,31.1
140,90,258,37.71,31.1
140,90,261,37.71,31.1
140,90,262,37.71,31.1
140,90,263,37.71,31.1
140,90,269,37.71,31.1
140,89,272,37.71,31.1
140,89,272,37.71,31.1
140,90,272,37.71,31.1
140,90,270,37.71,31.1
140,90,273,37.72,31.1
140,91,272,37.73,31.1
140,91,270,37.73,31.1
140,91,267,37.73,31.1
140,91,266,37.73,31.1
140,91,264,37.73,31.1
140,91,260,37.73,31.1
140,90,258,37.73,31.1
140,90,257,37.73,31.1
141,90,257,37.73,31.1
141,90,255,37.73,31.1
141,90,254,37.74,31.1
141,90,250,37.74,31.1
142,90,250,37.74,31.1
142,90,250,37.74,31.1
142,89,250,37.74,31.1
143,89,250,37.74,31.1
143,89,252,37.74,31.1
143,88,251,37.74,31.1
142,87,250,37.74,31.1
143,87,251,37.73,31.1
142,86,249,37.73,31.1
142,85,247,37.73,31.1
142,84,242,37.73,31.1
142,83,238,37.73,31.1
143,83,225,37.73,31.1
142,82,221,37.73,31.1
142,82,209,37.73,31.1
142,82,203,37.73,31.1
142,82,197,37.73,31.1
142,82,196,37.72,31.1
141,82,196,37.72,31.1
141,82,198,37.72,31.1
141,82,201,37.72,31.1
140,82,205,37.72,31.1
140,84,209,37.72,31.1
140,84,211,37.72,31.1
140,83,217,37.72,31.1
139,83,214,37.72,31.1
139,84,211,37.72,31.1
138,84,211,37.72,31.1
137,83,213,37.72,31.1
137,84,213,37.72,31.1
135,84,214,37.72,31.1
135,84,213,37.72,31.1
134,84,215,37.72,31.1
133,85,219,37.74,31.1
132,85,219,37.74,31.1
132,85,216,37.74,31.1
131,85,215,37.74,31.1
131,85,213,37.74,31.1
130,85,215,37.74,31.1
130,87,216,37.74,31.1
129,87,218,37.74,31.1
129,87,225,37.74,31.1
129,87,227,37.74,31.1
128,87,237,37.74,31.1
128,88,240,37.74,31.1
128,88,241,37.74,31.1
129,88,241,37.74,31.1
128,88,241,37.74,31.1
128,88,244,37.74,31.1
127,88,246,37.74,31.1
126,88,247,37.74,31.1
126,88,249,37.74,31.1
126,88,248,37.74,31.1
126,88,246,37.74,31.1
126,88,246,37.74,31.1
126,89,240,37.75,31.15
126,90,235,37.75,31.15
126,91,232,37.76,31.15
125,91,229,37.76,31.15
126,91,228,37.76,31.15
126,91,227,37.76,31.15
126,91,225,37.76,31.15
126,90,230,37.76,31.15
126,90,235,37.76,31.15
126,90,244,37.76,31.15
126,90,246,37.76,31.15
126,89,249,37.76,31.15
126,89,250,37.75,31.15
126,89,259,37.75,31.15
126,89,259,37.75,31.15
126,89,258,37.75,31.15
127,89,257,37.75,31.15
127,89,260,37.75,31.2
127,89,261,37.75,31.2
128,89,256,37.75,31.2
128,89,254,37.75,31.2
128,90,253,37.76,31.2
129,90,254,37.75,31.2
130,90,258,37.75,31.2
130,90,262,37.75,31.2
131,90,268,37.75,31.2
131,90,273,37.75,31.2
132,90,278,37.75,31.2
132,89,287,37.75,31.2
132,89,292,37.75,31.2
132,89,288,37.75,31.2
133,89,282,37.75,31.2
133,89,280,37.76,31.2
134,89,278,37.76,31.2
134,89,270,37.76,31.2
135,89,270,37.76,31.25
135,89,246,37.76,31.25
136,89,243,37.76,31.25
136,89,244,37.76,31.25
137,89,242,37.76,31.25
137,89,242,37.76,31.25
138,88,245,37.76,31.25
138,88,244,37.76,31.25
138,88,244,37.75,31.25
139,88,243,37.75,31.25
138,88,242,37.75,31.25
139,88,243,37.75,31.25
140,88,243,37.75,31.25
140,88,248,37.75,31.25
140,88,251,37.76,31.25
140,90,249,37.76,31.25
141,90,250,37.76,31.25
141,90,248,37.77,31.25
141,90,248,37.77,31.25
141,90,249,37.77,31.25
141,90,244,37.77,31.25
141,89,247,37.77,31.25
141,89,250,37.77,31.25
141,89,251,37.77,31.25
141,89,252,37.77,31.3
141,89,252,37.77,31.3
141,89,251,37.77,31.3
141,89,252,37.78,31.3
141,90,252,37.78,31.3
141,90,253,37.78,31.3
141,90,257,37.78,31.3
141,90,257,37.78,31.3
141,89,256,37.78,31.3
141,89,255,37.78,31.3
142,89,252,37.78,31.3
141,89,250,37.78,31.3
141,89,249,37.78,31.3
141,89,251,37.77,31.3
141,90,252,37.77,31.3
140,90,251,37.77,31.3
140,90,251,37.77,31.3
140,89,256,37.77,31.3
140,89,257,37.77,31.3
141,89,258,37.77,31.3
141,89,255,37.77,31.3
140,89,251,37.77,31.3
141,89,247,37.77,31.3
141,89,246,37.76,31.3
141,89,245,37.76,31.3
141,89,245,37.76,31.3
141,89,246,37.76,31.3
141,89,247,37.76,31.3
141,89,249,37.76,31.3
141,89,247,37.76,31.3
141,89,247,37.76,31.3
140,89,247,37.76,31.3
141,89,244,37.76,31.3
140,89,242,37.76,31.3
140,89,240,37.76,31.3
140,89,236,37.76,31.3
139,88,235,37.76,31.3
139,88,230,37.76,31.3
138,88,220,37.78,31.35
137,0,208,37.78,31.35
137,47,208,37.78,31.35
136,47,208,37.78,31.35
136,47,0,37.78,31.35
137,47,0,37.77,31.35
137,47,0,37.77,31.35
137,47,0,37.77,31.35
138,47,0,37.77,31.35
138,47,0,37.77,31.35
138,60,0,37.77,31.35
139,70,118,37.78,31.35
139,70,176,37.78,31.35
138,70,216,37.78,31.35
137,89,248,37.78,31.35
136,89,248,37.79,31.35
134,89,253,37.79,31.35
133,89,254,37.79,31.35
132,89,249,37.79,31.35
130,89,243,37.79,31.35
129,90,242,37.79,31.35
129,90,241,37.79,31.35
128,90,238,37.79,31.35
127,90,239,37.79,31.35
127,90,239,37.79,31.35
126,90,245,37.8,31.35
125,90,243,37.8,31.35
124,88,242,37.8,31.35
123,88,242,37.8,31.35
123,88,241,37.8,31.4
123,88,236,37.8,31.4
123,88,234,37.8,31.4
122,90,236,37.8,31.4
122,90,239,37.8,31.4
122,90,240,37.8,31.4
122,90,241,37.79,31.4
122,90,243,37.79,31.4
122,90,245,37.79,31.4
123,90,247,37.79,31.4
123,90,247,37.79,31.4
124,90,249,37.79,31.4
124,90,249,37.79,31.4
124,90,250,37.79,31.4
124,90,252,37.79,31.4
125,90,253,37.79,31.4
125,90,254,37.78,31.4
125,90,251,37.78,31.4
125,90,244,37.78,31.4
125,90,243,37.78,31.4
126,90,240,37.78,31.4
126,90,238,37.78,31.4
126,90,237,37.78,31.4
126,90,241,37.78,31.4
127,90,242,37.78,31.4
127,90,245,37.78,31.4
127,90,246,37.8,31.4
128,90,245,37.8,31.4
128,90,245,37.8,31.4
128,90,245,37.8,31.4
128,89,244,37.8,31.4
128,89,244,37.8,31.4
129,89,245,37.8,31.4
129,89,248,37.8,31.4
129,90,248,37.8,31.4
129,90,251,37.8,31.4
130,90,254,37.79,31.4
130,90,260,37.79,31.4
130,90,263,37.79,31.4
131,90,262,37.79,31.4
131,90,262,37.79,31.45
132,90,261,37.79,31.45
133,89,263,37.79,31.45
134,89,262,37.79,31.45
134,90,262,37.79,31.45
136,90,262,37.79,31.45
136,90,260,37.79,31.45
137,90,258,37.8,31.45
137,89,256,37.8,31.45
138,90,253,37.8,31.45
138,90,252,37.8,31.45
138,90,248,37.8,31.45
138,90,247,37.8,31.45
138,90,245,37.8,31.45
139,90,246,37.8,31.45
138,90,248,37.8,31.45
139,90,249,37.8,31.45
139,90,249,37.8,31.45
139,90,248,37.81,31.45
139,90,249,37.81,31.45
139,90,250,37.81,31.45
139,90,250,37.81,31.45
140,90,249,37.81,31.45
140,90,248,37.81,31.45
139,90,249,37.81,31.45
140,90,252,37.81,31.45
140,90,251,37.81,31.45
140,90,249,37.8,31.45
140,90,248,37.8,31.45
139,90,250,37.8,31.45
140,90,249,37.8,31.45
140,90,249,37.8,31.45
139,90,244,37.8,31.45
139,90,245,37.8,31.45
140,90,246,37.8,31.5
140,90,247,37.8,31.5
140,89,246,37.79,31.5
140,89,246,37.79,31.5
140,89,247,37.8,31.5
140,89,247,37.8,31.5
139,89,245,37.8,31.5
140,90,244,37.8,31.5
139,90,244,37.8,31.5
139,90,243,37.8,31.5
139,90,241,37.8,31.5
139,90,242,37.8,31.5
139,90,243,37.8,31.5
139,90,243,37.8,31.5
139,90,243,37.8,31.5
139,90,243,37.8,31.5
139,90,241,37.8,31.5
139,90,241,37.8,31.5
139,90,242,37.8,31.5
139,90,242,37.8,31.5
139,90,242,37.8,31.5
138,91,244,37.8,31.5
139,91,249,37.79,31.5
138,91,250,37.79,31.5
138,91,256,37.79,31.5
138,90,258,37.79,31.5
138,90,260,37.79,31.5
139,90,261,37.79,31.5
139,90,262,37.79,31.5
139,89,259,37.79,31.55
139,89,258,37.79,31.55
139,89,255,37.79,31.55
139,89,256,37.81,31.55
139,89,256,37.81,31.55
139,89,258,37.81,31.55
139,89,258,37.81,31.55
139,89,260,37.81,31.55
140,89,261,37.81,31.55
140,90,266,37.81,31.55
140,90,266,37.81,31.55
141,90,266,37.81,31.55
141,90,264,37.81,31.55
141,90,265,37.82,31.55
141,90,264,37.82,31.55
141,90,265,37.82,31.55
141,90,254,37.82,31.55
141,90,253,37.82,31.55
141,90,248,37.82,31.55
141,90,244,37.82,31.55
141,90,241,37.82,31.55
141,89,239,37.82,31.55
141,89,239,37.82,31.55
141,89,240,37.81,31.55
140,90,242,37.81,31.55
140,89,243,37.81,31.55
140,89,244,37.81,31.55
140,89,247,37.81,31.55
140,89,247,37.81,31.55
140,89,250,37.81,31.55
139,89,248,37.81,31.55
139,89,246,37.81,31.55
139,89,246,37.81,31.55
139,90,246,37.8,31.55
139,89,246,37.8,31.55
139,90,246,37.8,31.55
139,90,243,37.8,31.55
138,90,244,37.8,31.55
138,90,245,37.8,31.6
138,91,252,37.8,31.6
138,91,249,37.8,31.6
138,91,250,37.8,31.6
138,91,251,37.8,31.6
138,90,252,37.8,31.6
139,90,253,37.8,31.6
139,90,250,37.8,31.6
139,90,249,37.8,31.6
139,90,249,37.8,31.6
139,90,249,37.8,31.6
139,90,248,37.8,31.6
139,90,249,37.8,31.6
139,90,250,37.8,31.6
139,90,248,37.81,31.6
139,90,247,37.81,31.6
140,90,249,37.81,31.6
140,90,249,37.8,31.6
140,90,249,37.8,31.6
139,90,251,37.8,31.6
139,90,251,37.8,31.6
140,90,255,37.8,31.6
140,90,254,37.8,31.6
140,90,257,37.8,31.6
140,90,260,37.8,31.6
140,90,256,37.81,31.6
140,90,253,37.81,31.6
139,90,253,37.81,31.6
140,90,254,37.81,31.6
140,90,255,37.81,31.6
139,90,253,37.81,31.6
140,90,255,37.81,31.6
140,90,254,37.81,31.6
140,90,255,37.81,31.6
140,90,258,37.81,31.6
140,90,260,37.81,31.6
140,91,263,37.81,31.6
139,91,271,37.82,31.6
140,91,275,37.82,31.6
140,91,298,37.82,31.6
140,90,308,37.82,31.6
140,89,320,37.82,31.6
141,89,317,37.82,31.6
141,88,321,37.82,31.6
141,88,314,37.82,31.6
141,88,287,37.81,31.6
141,88,279,37.81,31.6
141,88,266,37.81,31.6
141,87,247,37.81,31.6
141,83,224,37.81,31.6
141,83,214,37.81,31.6
141,83,208,37.81,31.6
141,83,198,37.81,31.6
141,83,197,37.81,31.6
141,86,200,37.81,31.6
141,88,204,37.81,31.6
140,89,216,37.8,31.6
140,89,223,37.8,31.6
140,90,230,37.8,31.6
140,90,246,37.8,31.6
140,89,253,37.8,31.6
140,89,257,37.8,31.6
140,89,258,37.8,31.6
141,89,260,37.8,31.6
140,89,260,37.8,31.6
140,89,260,37.82,31.6
140,89,252,37.82,31.6
140,89,252,37.82,31.6
140,89,251,37.82,31.6
140,89,251,37.82,31.6
140,89,252,37.82,31.6
141,89,254,37.82,31.6
140,89,254,37.82,31.6
140,89,261,37.82,31.6
140,89,262,37.82,31.6
139,89,259,37.81,31.6
139,89,257,37.81,31.6
139,89,258,37.81,31.6
139,89,258,37.81,31.6
140,89,255,37.81,31.6
139,89,253,37.81,31.6
139,89,252,37.81,31.65
139,89,253,37.81,31.65
139,89,252,37.81,31.65
139,89,248,37.81,31.65
139,90,247,37.82,31.65
139,89,249,37.82,31.65
139,89,248,37.82,31.65
139,87,245,37.82,31.65
139,88,241,37.82,31.65
139,89,244,37.82,31.65
139,89,249,37.82,31.65
140,89,251,37.82,31.65
139,89,248,37.82,31.65
139,89,248,37.82,31.65
140,89,254,37.82,31.65
140,89,256,37.82,31.65
139,89,251,37.82,31.65
139,89,251,37.82,31.65
139,89,252,37.82,31.65
139,89,250,37.82,31.65
139,90,251,37.82,31.65
139,91,254,37.82,31.65
138,92,269,37.82,31.65
139,92,279,37.82,31.65
139,92,290,37.82,31.65
139,91,315,37.82,31.65
139,86,322,37.82,31.65
140,86,327,37.82,31.65
140,87,317,37.82,31.65
141,87,310,37.82,31.65
137,90,260,37.85,31.8
138,90,267,37.85,31.8
138,90,268,37.85,31.8
138,90,272,37.85,31.8
139,90,276,37.85,31.8
139,90,276,37.85,31.8
139,90,274,37.84,31.8
139,91,273,37.84,31.8
139,91,269,37.84,31.8
139,91,269,37.84,31.8
140,91,275,37.84,31.8
140,92,276,37.84,31.8
141,92,279,37.84,31.8
141,93,283,37.84,31.8
142,93,283,37.84,31.8
142,93,292,37.85,31.85
143,95,296,37.85,31.85
144,96,297,37.86,31.85
144,96,299,37.86,31.85
145,96,300,37.86,31.85
145,98,302,37.86,31.85
146,98,304,37.86,31.85
147,99,309,37.86,31.85
148,99,315,37.86,31.85
149,99,320,37.86,31.85
150,99,326,37.86,31.85
151,99,336,37.86,31.85
152,99,336,37.87,31.85
153,99,348,37.87,31.85
153,98,347,37.87,31.85
154,98,349,37.87,31.85
155,97,362,37.87,31.85
155,87,358,37.87,31.85
156,87,350,37.87,31.85
156,87,332,37.87,31.85
157,87,322,37.87,31.85
157,87,318,37.87,31.85
158,87,315,37.87,31.85
158,100,314,37.86,31.85
159,100,318,37.86,31.85
159,100,334,37.86,31.85
160,86,334,37.86,31.85
160,85,335,37.86,31.85
160,83,330,37.86,31.85
160,83,316,37.86,31.85
161,81,285,37.86,31.85
160,81,265,37.86,31.85
160,0,234,37.85,31.85
160,0,234,37.85,31.85
160,67,206,37.85,31.85
159,67,187,37.85,31.85
159,67,166,37.85,31.85
158,67,136,37.85,31.85
154,90,256,37.85,31.85
154,90,258,37.85,31.85
154,91,259,37.85,31.85
154,91,256,37.85,31.85
153,91,255,37.85,31.85
153,91,255,37.85,31.85
152,90,257,37.85,31.85
152,90,257,37.85,31.85
152,90,254,37.85,31.85
152,90,253,37.85,31.85
152,90,253,37.85,31.85
151,90,255,37.85,31.85
151,90,255,37.85,31.85
150,90,254,37.85,31.85
150,91,257,37.85,31.85
150,90,258,37.85,31.85
149,90,261,37.85,31.85
149,90,262,37.85,31.85
149,90,263,37.85,31.85
148,90,264,37.85,31.85
148,90,267,37.85,31.85
148,91,265,37.85,31.85
148,91,265,37.85,31.85
148,91,268,37.85,31.85
148,91,267,37.85,31.85
148,91,266,37.85,31.85
147,91,268,37.85,31.85
148,91,268,37.85,31.85
147,91,270,37.85,31.85
147,91,267,37.85,31.85
147,91,264,37.85,31.85
147,91,264,37.85,31.85
148,91,261,37.85,31.85
147,91,263,37.85,31.85
147,91,264,37.85,31.85
147,91,264,37.85,31.85
147,92,271,37.85,31.85
148,92,273,37.85,31.85
147,92,278,37.85,31.85
147,92,280,37.85,31.85
147,91,277,37.85,31.85
147,91,276,37.85,31.85
147,91,274,37.85,31.85
147,90,273,37.85,31.85
147,90,271,37.85,31.85
146,90,270,37.88,31.8
146,91,266,37.88,31.8
146,91,267,37.88,31.8
147,91,267,37.88,31.8
147,91,266,37.87,31.75
147,91,261,37.87,31.8
147,91,261,37.87,31.75
147,91,259,37.87,31.75
147,91,260,37.87,31.75
147,91,263,37.87,31.75
146,91,263,37.87,31.75
146,91,269,37.87,31.75
146,91,272,37.87,31.75
146,91,273,37.87,31.75
146,91,272,37.87,31.75
146,91,272,37.89,31.75
146,91,269,37.89,31.75
146,91,267,37.89,31.75
146,91,265,37.89,31.75
146,91,262,37.89,31.75
145,92,259,37.89,31.75
146,92,259,37.89,31.75
146,92,259,37.89,31.75
146,92,258,37.89,31.75
146,92,257,37.89,31.75
146,92,259,37.9,31.75
146,92,260,37.9,31.75
146,92,261,37.9,31.75
145,92,259,37.9,31.75
146,92,259,37.9,31.75
145,92,259,37.9,31.75
146,92,259,37.9,31.75
146,91,261,37.9,31.75
145,91,264,37.9,31.75
146,91,264,37.89,31.75
145,91,266,37.89,31.75
145,91,268,37.89,31.75
145,91,268,37.89,31.75
145,92,270,37.89,31.75
146,92,271,37.89,31.75
146,92,270,37.89,31.75
145,92,272,37.89,31.75
146,92,275,37.89,31.75
146,92,275,37.89,31.75
146,92,277,37.88,31.75
146,92,277,37.88,31.75
146,92,273,37.88,31.75
146,92,268,37.88,31.75
146,92,264,37.88,31.75
146,92,263,37.88,31.75
146,92,263,37.88,31.75
146,91,262,37.88,31.75
146,91,261,37.88,31.75
147,91,262,37.88,31.75
146,91,263,37.88,31.75
147,91,264,37.88,31.75
147,92,265,37.88,31.75
147,92,264,37.9,31.8
147,91,262,37.9,31.8
147,92,263,37.9,31.8
147,92,262,37.9,31.8
148,92,262,37.9,31.8
148,92,263,37.9,31.8
148,92,261,37.9,31.8
148,92,265,37.89,31.8
149,92,268,37.89,31.8
149,92,268,37.89,31.8
149,92,265,37.89,31.8
149,92,265,37.89,31.8
149,92,267,37.89,31.8
149,92,267,37.89,31.8
149,92,266,37.89,31.8
149,92,265,37.89,31.8
149,92,269,37.89,31.8
149,92,271,37.89,31.8
149,92,270,37.9,31.8
149,92,270,37.9,31.8
149,92,268,37.9,31.8
149,92,271,37.9,31.8
149,92,270,37.9,31.8
149,92,267,37.9,31.8
148,92,265,37.9,31.8
148,92,266,37.9,31.8
148,92,269,37.9,31.8
148,92,270,37.9,31.8
148,92,274,37.9,31.8
147,92,272,37.9,31.8
148,92,272,37.9,31.8
148,92,274,37.9,31.8
148,92,273,37.91,31.8
147,92,270,37.91,31.8
147,92,269,37.91,31.8
148,92,269,37.91,31.8
148,92,271,37.91,31.8
148,92,267,37.9,31.8
148,92,266,37.9,31.8
147,92,267,37.9,31.8
148,92,269,37.9,31.8
148,92,272,37.9,31.8
149,91,271,37.9,31.8
149,91,272,37.9,31.8
149,91,277,37.9,31.8
149,91,278,37.9,31.8
149,91,281,37.9,31.8
149,91,279,37.9,31.8
149,91,277,37.9,31.8
149,91,277,37.9,31.8
149,91,272,37.9,31.8
150,91,267,37.9,31.8
150,91,266,37.9,31.8
150,92,266,37.9,31.8
150,91,269,37.9,31.8
151,91,269,37.9,31.8
151,91,267,37.9,31.8
151,92,266,37.91,31.8
151,92,262,37.91,31.8
150,92,261,37.91,31.8
151,92,256,37.92,31.8
150,90,256,37.92,31.8
150,90,247,37.92,31.8
150,0,247,37.92,31.8
149,0,0,37.92,31.8
148,0,0,37.92,31.8
148,0,0,37.92,31.8
148,0,0,37.91,31.8
148,0,0,37.91,31.8
148,0,0,37.91,31.8
148,0,0,37.91,31.8
148,0,0,37.91,31.8
148,0,0,37.91,31.8
148,0,0,37.91,31.8
148,0,0,37.91,31.8
148,0,0,37.91,31.8
147,0,0,37.91,31.8
147,0,0,37.91,31.8
146,0,0,37.91,31.8
145,0,0,37.91,31.8
144,0,0,37.91,31.8
143,0,0,37.91,31.8
143,0,0,37.92,31.8
142,0,0,37.92,31.8
141,0,0,37.92,31.8
141,0,0,37.92,31.8
140,0,0,37.92,31.8
139,0,0,37.92,31.8
137,0,0,37.92,31.8
135,0,0,37.92,31.8
134,0,0,37.92,31.8
133,0,0,37.93,31.8
132,0,0,37.93,31.8
130,0,0,37.93,31.8
128,0,0,37.93,31.8
125,0,0,37.93,31.8
123,0,0,37.93,31.8
122,0,29,37.92,31.8
122,0,29,37.92,31.8
121,83,0,37.92,31.8
120,83,0,37.92,31.8
120,83,35,37.92,31.8
119,83,35,37.92,31.8
119,0,0,37.92,31.8
119,0,9,37.92,31.8
119,83,9,37.92,31.8
119,77,20,37.92,31.8
116,63,86,37.91,31.8
114,56,88,37.91,31.8
112,56,91,37.91,31.8
111,57,92,37.91,31.8
111,57,95,37.91,31.8
111,57,97,37.91,31.8
111,57,98,37.92,31.8
111,57,98,37.93,31.8
109,86,116,37.93,31.8
109,85,129,37.93,31.8
109,86,142,37.93,31.8
110,88,170,37.93,31.8
111,90,187,37.93,31.8
112,91,219,37.93,31.8
114,90,240,37.93,31.8
114,90,249,37.93,31.8
113,89,256,37.93,31.8
113,89,253,37.92,31.8
111,89,256,37.92,31.8
110,89,258,37.92,31.85
110,91,258,37.93,31.85
111,90,255,37.93,31.85
111,90,256,37.93,31.85
111,90,261,37.93,31.85
112,90,264,37.93,31.85
113,90,271,37.93,31.85
114,90,273,37.93,31.85
115,90,270,37.94,31.85
116,90,268,37.94,31.85
118,90,267,37.94,31.85
119,92,263,37.94,31.85
120,91,262,37.94,31.85
121,91,262,37.94,31.9
123,91,265,37.94,31.9
124,91,266,37.94,31.9
125,91,271,37.94,31.9
127,91,269,37.95,31.9
129,91,268,37.95,31.9
130,90,263,37.95,31.9
131,97,260,37.95,31.9
132,93,259,37.95,31.9
134,92,259,37.95,31.9
134,92,257,37.95,31.9
135,91,255,37.95,31.9
136,91,258,37.95,31.9
138,90,259,37.95,31.9
138,90,262,37.95,31.9
139,90,263,37.94,31.9
140,90,261,37.94,31.95
140,91,262,37.94,31.95
141,91,265,37.94,31.95
142,90,265,37.94,31.95
142,90,264,37.94,31.95
142,90,263,37.94,31.95
143,90,261,37.94,31.95
142,90,259,37.94,31.95
143,90,259,37.94,31.95
143,90,259,37.93,31.95
143,90,257,37.93,31.95
143,90,256,37.93,31.95
143,90,256,37.93,31.95
143,91,256,37.93,31.95
143,91,258,37.93,31.95
142,91,258,37.93,31.95
143,91,257,37.93,31.95
143,91,256,37.93,31.95
142,91,256,37.93,31.95
143,91,256,37.95,31.95
143,91,255,37.95,31.95
143,91,251,37.95,31.95
144,91,253,37.95,31.95
143,91,250,37.95,31.95
143,88,249,37.95,31.95
143,89,246,37.95,31.95
143,88,246,37.95,31.95
143,89,250,37.95,32
143,90,251,37.94,32
143,91,255,37.94,32
144,91,255,37.94,32
143,91,260,37.94,32
144,91,262,37.94,32
144,91,261,37.94,32
144,91,260,37.94,32
144,91,259,37.94,32
144,91,259,37.94,32
144,91,260,37.94,32
144,91,261,37.95,32
144,91,267,37.95,32
144,91,266,37.95,32
144,91,268,37.95,32
144,91,270,37.96,32
145,91,271,37.96,32
145,92,272,37.96,32
145,92,275,37.96,32
146,92,281,37.96,32
146,92,282,37.96,32
146,92,285,37.96,32
147,91,288,37.96,32
147,91,283,37.97,32
148,91,279,37.97,32
148,92,277,37.97,32
148,92,277,37.97,32
148,92,275,37.97,32
148,92,275,37.97,32
148,92,274,37.97,32
148,92,281,37.97,32
148,92,279,37.97,32
148,92,274,37.97,32
148,93,271,37.97,32
148,93,272,37.97,32
148,93,272,37.97,32
148,93,271,37.97,32
148,93,270,37.97,32
148,92,266,37.96,32
148,92,266,37.96,32
147,92,262,37.96,32
147,92,263,37.95,31.95
148,92,263,37.95,31.95
147,93,265,37.95,31.95
148,93,265,37.95,31.95
148,92,272,37.95,31.95
147,92,273,37.95,31.95
148,92,276,37.95,31.95
148,92,277,37.95,31.95
148,92,275,37.95,31.95
149,92,274,37.95,31.95
149,92,273,37.97,31.95
149,92,272,37.97,31.95
149,92,273,37.97,31.95
149,92,275,37.97,31.95
149,92,280,37.97,31.95
149,92,284,37.97,31.95
149,92,286,37.97,31.95
149,92,288,37.97,31.95
149,92,289,37.97,31.95
149,92,283,37.98,31.95
149,92,280,37.97,31.95
150,92,276,37.97,31.95
149,92,277,37.97,31.95
149,92,278,37.97,31.95
150,92,275,37.97,31.95
150,92,272,37.97,31.95
150,92,270,37.97,31.95
150,92,268,37.97,31.95
150,93,267,37.97,31.9
150,93,265,37.97,31.9
150,93,268,37.98,31.9
150,93,269,37.98,31.9
150,93,272,37.98,31.9
150,93,272,37.98,31.9
150,93,274,37.98,31.9
150,93,272,37.98,31.9
150,93,271,37.98,31.9
150,93,269,37.98,31.9
150,93,269,37.98,31.9
150,93,269,37.98,31.9
150,93,267,37.99,31.9
149,93,268,37.99,31.9
149,93,270,37.99,31.9
149,92,272,37.99,31.9
150,92,274,37.99,31.9
149,92,275,37.99,31.9
150,92,276,37.99,31.9
150,92,283,37.99,31.9
150,92,289,37.99,31.85
150,91,297,37.99,31.85
150,92,292,37.98,31.85
151,91,290,37.98,31.85
151,91,286,37.98,31.85
151,92,277,37.98,31.85
151,92,271,37.99,31.85
150,92,270,37.99,31.85
150,93,269,37.99,31.85
150,93,273,37.99,31.85
150,93,274,37.99,31.85
150,93,277,37.99,31.85
149,93,278,37.99,31.85
149,93,276,37.98,31.85
149,95,275,37.98,31.85
149,94,270,37.98,31.85
149,93,268,37.98,31.85
149,93,265,37.98,31.85
149,93,265,37.98,31.85
149,93,263,37.98,31.85
149,92,263,37.98,31.85
149,91,263,38,31.8
150,91,262,38,31.8
149,91,264,38,31.8
150,91,267,38,31.8
150,91,268,38,31.8
150,91,270,38,31.8
150,92,269,38,31.8
150,92,271,38,31.8
151,92,272,38,31.8
151,93,269,38,31.8
151,93,267,38,31.8
151,93,266,38,31.8
151,93,268,38,31.8
151,93,267,37.99,31.8
151,92,267,37.99,31.8
151,92,267,37.99,31.8
150,92,268,37.99,31.8
150,92,269,37.99,31.8
150,92,269,37.99,31.8
150,92,270,37.99,31.8
150,92,272,37.99,31.8
151,92,271,37.99,31.8
150,92,271,38,31.8
150,92,269,38,31.8
150,92,269,38,31.8
151,93,265,38,31.8
150,92,265,38,31.8
150,92,267,38,31.8
150,92,267,38,31.8
151,92,267,38,31.8
150,92,269,38.02,31.75
151,92,272,38.02,31.75
150,92,274,38.02,31.75
150,92,274,38.02,31.75
150,92,275,38.02,31.75
150,92,273,38.02,31.75
150,93,268,38.02,31.75
150,93,268,38.02,31.75
150,91,267,38.02,31.75
150,91,266,38.02,31.75
150,91,265,38.02,31.75
150,93,263,38.02,31.75
150,93,264,38.01,31.75
150,93,264,38.01,31.75
149,92,264,38.01,31.75
149,92,263,38.01,31.75
149,92,262,38.01,31.75
150,92,262,38.01,31.75
149,92,261,38.01,31.75
150,92,257,38.01,31.75
150,92,259,38.01,31.75
150,92,262,38,31.75
150,92,261,38,31.75
150,91,264,38,31.75
150,90,263,38,31.75
150,90,262,38,31.75
150,90,263,38,31.75
150,90,262,38,31.75
150,90,260,38,31.75
151,90,261,38,31.75
150,90,258,38.02,31.75
151,90,258,38.02,31.75
151,90,258,38.02,31.75
151,90,256,38.02,31.7
151,90,255,38.02,31.7
151,90,255,38.02,31.7
151,90,254,38.02,31.7
151,90,253,38.02,31.7
151,90,249,38.02,31.7
151,90,247,38.02,31.7
150,87,247,38.02,31.7
150,87,243,38.02,31.7
150,87,236,38.02,31.7
150,87,234,38.02,31.7
149,87,231,38.02,31.7
149,87,231,38.02,31.7
149,87,229,38.02,31.7
148,87,230,38.02,31.7
148,87,232,38.02,31.7
148,87,234,38.02,31.7
147,88,238,38.03,31.7
147,88,239,38.03,31.7
147,88,240,38.03,31.7
146,88,243,38.03,31.7
146,88,241,38.03,31.7
146,88,240,38.03,31.7
145,88,242,38.03,31.7
145,88,242,38.03,31.7
144,89,243,38.03,31.7
144,89,245,38.03,31.7
143,89,244,38.03,31.7
143,89,245,38.04,31.7
143,90,246,38.04,31.7
142,90,248,38.04,31.7
142,90,249,38.04,31.7
142,90,250,38.04,31.7
141,90,251,38.04,31.7
141,90,252,38.04,31.7
141,90,257,38.04,31.7
141,90,259,38.04,31.7
141,90,258,38.03,31.7
141,90,258,38.03,31.7
141,90,261,38.03,31.7
141,90,262,38.03,31.7
141,90,263,38.03,31.7
140,90,260,38.03,31.7
141,90,261,38.03,31.7
141,90,261,38.04,31.7
141,90,259,38.04,31.7
141,91,259,38.04,31.7
141,91,260,38.04,31.7
142,90,259,38.03,31.7
142,90,257,38.03,31.7
141,91,257,38.03,31.75
142,91,258,38.03,31.75
141,91,257,38.03,31.75
141,91,255,38.03,31.75
142,91,255,38.03,31.75
141,91,259,38.03,31.75
142,91,259,38.03,31.75
142,91,260,38.03,31.75
142,91,260,38.05,31.75
142,91,263,38.05,31.75
142,91,265,38.05,31.75
142,91,264,38.05,31.75
142,91,263,38.05,31.75
142,91,266,38.05,31.75
142,91,268,38.05,31.75
141,91,270,38.05,31.75
141,91,269,38.05,31.75
141,91,268,38.05,31.75
141,91,269,38.05,31.75
140,91,270,38.04,31.75
141,91,271,38.04,31.75
140,90,266,38.04,31.75
140,90,267,38.04,31.75
140,92,266,38.04,31.75
141,91,269,38.04,31.75
141,90,269,38.04,31.75
141,90,270,38.04,31.75
141,90,270,38.04,31.75
141,90,273,38.04,31.75
142,90,273,38.05,31.8
141,91,272,38.05,31.8
141,91,270,38.05,31.8
141,91,269,38.05,31.8
141,91,267,38.05,31.8
142,90,262,38.06,31.8
142,90,261,38.06,31.8
142,91,261,38.06,31.8
142,90,261,38.07,31.8
142,90,259,38.07,31.8
142,90,260,38.07,31.8
142,91,262,38.07,31.8
142,91,264,38.07,31.8
142,91,266,38.07,31.8
142,91,269,38.07,31.8
142,91,275,38.07,31.8
142,91,276,38.07,31.8
142,91,276,38.07,31.8
143,91,275,38.06,31.8
143,91,276,38.06,31.8
143,91,277,38.06,31.8
144,91,277,38.06,31.8
144,91,277,38.06,31.8
144,91,277,38.06,31.8
144,91,277,38.06,31.8
145,93,277,38.06,31.8
145,92,281,38.06,31.8
145,91,281,38.06,31.8
145,90,281,38.06,31.8
145,91,280,38.05,31.8
144,91,272,38.05,31.8
145,91,273,38.05,31.8
145,92,271,38.05,31.8
145,92,265,38.05,31.8
145,92,256,38.05,31.8
145,92,258,38.05,31.8
145,91,260,38.05,31.8
145,91,259,38.06,31.8
145,92,254,38.08,31.8
145,92,255,38.08,31.8
145,92,257,38.08,31.8
145,92,260,38.08,31.8
145,91,261,38.08,31.8
145,91,261,38.08,31.8
145,91,263,38.08,31.8
146,91,261,38.08,31.8
146,91,259,38.08,31.8
146,91,261,38.08,31.8
146,91,258,38.07,31.8
147,91,255,38.07,31.8
147,91,255,38.07,31.8
148,90,257,38.07,31.8
148,90,257,38.07,31.8
148,90,256,38.07,31.8
148,90,254,38.07,31.8
149,90,252,38.07,31.8
149,90,252,38.07,31.8
149,90,249,38.07,31.8
149,90,250,38.07,31.8
149,90,254,38.09,31.8
150,90,255,38.09,31.8
149,92,261,38.09,31.8
150,91,262,38.09,31.8
150,91,264,38.09,31.8
149,91,263,38.09,31.8
149,90,262,38.09,31.8
149,90,262,38.09,31.8
149,90,261,38.09,31.8
149,90,263,38.1,31.8
149,90,265,38.1,31.8
148,90,271,38.1,31.8
149,90,275,38.1,31.8
149,90,275,38.1,31.8
150,90,270,38.1,31.8
150,91,269,38.1,31.75
150,91,265,38.1,31.75
150,90,263,38.1,31.75
150,90,260,38.1,31.75
151,90,258,38.09,31.75
151,91,256,38.09,31.75
151,91,256,38.09,31.75
152,91,255,38.09,31.75
151,91,257,38.09,31.75
152,91,256,38.09,31.75
152,91,256,38.09,31.75
152,91,253,38.09,31.75
152,90,253,38.09,31.75
152,90,251,38.09,31.75
147,90,258,38.13,31.75
147,90,257,38.13,31.75
146,90,257,38.13,31.75
146,91,258,38.13,31.75
146,91,260,38.13,31.75
145,91,259,38.14,31.75
145,91,260,38.14,31.75
145,91,261,38.15,31.75
145,91,260,38.15,31.75
145,91,259,38.15,31.75
145,91,260,38.15,31.75
145,91,260,38.15,31.75
145,91,262,38.15,31.75
145,91,264,38.15,31.75
144,91,266,38.15,31.75
144,91,265,38.15,31.75
144,91,261,38.15,31.75
144,90,259,38.16,31.75
144,91,257,38.16,31.75
144,91,257,38.16,31.75
144,91,257,38.16,31.75
144,91,258,38.16,31.75
143,91,260,38.16,31.75
143,91,265,38.16,31.75
144,91,267,38.16,31.75
144,91,265,38.15,31.75
143,90,264,38.15,31.75
144,90,264,38.15,31.75
144,90,255,38.15,31.75
144,90,254,38.15,31.75
143,90,250,38.15,31.75
144,90,247,38.15,31.75
144,90,248,38.15,31.75
144,91,252,38.15,31.75
144,91,253,38.15,31.75
143,91,260,38.15,31.75
143,91,262,38.14,31.75
143,91,265,38.14,31.75
143,91,266,38.15,31.75
143,91,270,38.15,31.75
144,91,270,38.15,31.75
144,91,267,38.15,31.75
144,92,265,38.15,31.75
144,92,264,38.15,31.75
144,91,264,38.15,31.75
143,91,264,38.17,31.75
143,91,264,38.17,31.75
143,91,264,38.17,31.75
143,91,265,38.17,31.75
144,91,262,38.17,31.75
143,91,262,38.17,31.75
144,91,259,38.17,31.75
144,91,260,38.17,31.75
144,91,260,38.17,31.75
145,91,259,38.17,31.75
145,92,260,38.17,31.75
145,92,265,38.16,31.75
145,92,268,38.16,31.75
145,91,269,38.16,31.75
145,91,268,38.16,31.75
145,91,273,38.16,31.75
146,91,276,38.16,31.75
145,91,278,38.16,31.75
145,91,276,38.16,31.75
145,91,275,38.16,31.75
145,91,271,38.16,31.75
146,91,268,38.17,31.75
146,91,267,38.17,31.75
145,91,266,38.17,31.75
146,91,265,38.17,31.75
146,91,263,38.17,31.75
146,91,264,38.18,31.75
146,91,266,38.18,31.75
146,91,266,38.18,31.75
146,91,269,38.18,31.75
147,91,272,38.19,31.75
147,91,275,38.19,31.75
147,91,277,38.19,31.75
147,91,277,38.19,31.75
148,91,278,38.19,31.75
148,91,278,38.19,31.75
148,91,280,38.19,31.75
148,91,277,38.19,31.75
147,91,277,38.19,31.75
148,91,275,38.19,31.75
148,91,273,38.19,31.75
148,92,274,38.18,31.75
148,92,276,38.18,31.75
148,92,274,38.18,31.75
148,92,276,38.18,31.75
148,91,270,38.18,31.75
148,91,275,38.18,31.75
148,91,276,38.18,31.75
148,91,271,38.18,31.75
148,91,268,38.18,31.75
148,91,264,38.17,31.75
148,92,261,38.17,31.75
147,92,257,38.17,31.7
147,92,254,38.17,31.7
148,92,252,38.17,31.7
147,92,251,38.17,31.7
148,91,249,38.18,31.7
148,91,250,38.18,31.7
147,91,251,38.18,31.7
147,92,253,38.18,31.7
148,92,253,38.2,31.7
147,92,255,38.2,31.7
148,92,258,38.2,31.7
148,92,260,38.2,31.7
148,92,265,38.2,31.7
148,92,265,38.2,31.7
148,92,271,38.2,31.7
149,92,271,38.2,31.7
149,91,267,38.2,31.7
149,91,266,38.2,31.7
149,91,266,38.19,31.7
149,91,266,38.19,31.7
149,91,267,38.19,31.7
149,91,270,38.19,31.7
149,91,275,38.19,31.7
149,91,276,38.19,31.7
149,91,275,38.19,31.7
149,91,276,38.19,31.7
149,91,277,38.19,31.7
150,91,276,38.19,31.7
149,91,267,38.19,31.7
150,85,261,38.2,31.7
150,87,252,38.2,31.7
150,88,250,38.21,31.7
149,89,249,38.21,31.7
150,89,250,38.21,31.7
149,89,253,38.21,31.7
149,90,253,38.21,31.7
149,90,259,38.21,31.7
149,90,259,38.21,31.7
149,90,264,38.21,31.7
149,90,263,38.22,31.7
148,90,261,38.22,31.7
148,90,264,38.22,31.7
148,91,266,38.22,31.7
148,91,268,38.22,31.7
148,91,269,38.22,31.7
147,91,270,38.22,31.7
147,91,269,38.22,31.7
147,91,267,38.22,31.7
148,91,264,38.21,31.7
147,91,262,38.21,31.7
147,91,262,38.21,31.7
147,91,261,38.21,31.7
147,91,261,38.21,31.7
147,91,259,38.21,31.7
147,91,259,38.21,31.7
147,91,259,38.21,31.7
147,91,260,38.21,31.7
147,91,261,38.21,31.7
147,91,260,38.21,31.7
147,91,264,38.21,31.7
146,92,267,38.21,31.7
146,92,270,38.21,31.7
147,92,275,38.21,31.7
147,91,275,38.21,31.7
147,91,275,38.21,31.7
147,91,276,38.21,31.7
147,91,274,38.21,31.7
146,91,271,38.21,31.7
146,91,268,38.21,31.7
146,91,269,38.23,31.7
146,91,268,38.23,31.7
146,92,266,38.23,31.7
146,91,262,38.23,31.7
146,91,263,38.23,31.7
146,91,263,38.23,31.7
146,91,261,38.23,31.7
146,91,261,38.23,31.7
146,91,262,38.23,31.7
146,91,262,38.22,31.7
147,92,267,38.22,31.7
146,92,266,38.22,31.7
147,93,265,38.22,31.7
147,92,265,38.22,31.7
147,92,266,38.22,31.7
148,92,269,38.22,31.7
148,92,265,38.22,31.7
148,92,267,38.22,31.7
149,92,268,38.22,31.7
149,92,269,38.22,31.7
148,92,266,38.22,31.7
149,92,265,38.22,31.7
149,92,266,38.22,31.7
150,92,267,38.22,31.7
150,92,268,38.22,31.7
150,92,269,38.22,31.7
150,92,275,38.22,31.7
150,92,274,38.22,31.7
151,92,273,38.22,31.7
151,91,275,38.22,31.7
151,91,275,38.22,31.7
151,92,275,38.22,31.7
151,92,274,38.22,31.7
151,92,277,38.22,31.7
151,92,277,38.22,31.7
151,92,275,38.22,31.7
151,91,276,38.22,31.7
151,92,280,38.22,31.7
151,92,282,38.22,31.7
151,92,281,38.22,31.7
151,92,283,38.22,31.7
150,91,281,38.22,31.7
151,91,282,38.22,31.7
150,91,278,38.22,31.7
150,91,276,38.22,31.7
150,91,275,38.22,31.7
151,91,271,38.22,31.7
150,91,270,38.22,31.7
150,91,271,38.22,31.7
151,91,269,38.22,31.7
150,91,268,38.22,31.7
151,91,270,38.22,31.7
150,91,268,38.22,31.7
150,91,269,38.22,31.7
150,91,271,38.22,31.7
151,92,269,38.22,31.7
151,92,266,38.22,31.7
151,92,265,38.22,31.7
152,92,262,38.22,31.7
152,92,262,38.22,31.7
152,92,259,38.22,31.7
152,92,258,38.22,31.7
152,92,262,38.22,31.7
152,92,264,38.22,31.7
152,92,266,38.22,31.7
151,92,264,38.22,31.7
151,92,267,38.22,31.7
152,91,272,38.22,31.7
151,91,269,38.22,31.7
151,91,264,38.22,31.7
151,91,265,38.22,31.7
152,91,266,38.22,31.7
152,91,268,38.22,31.7
152,91,266,38.22,31.7
152,91,264,38.22,31.7
152,92,267,38.22,31.7
152,92,276,38.22,31.7
152,92,274,38.22,31.7
152,92,270,38.22,31.7
152,92,272,38.22,31.7
152,92,275,38.22,31.7
152,92,274,38.22,31.7
152,92,272,38.22,31.7
152,92,269,38.22,31.7
152,92,271,38.22,31.7
152,92,271,38.22,31.7
153,91,272,38.22,31.7
153,91,275,38.22,31.7
153,91,282,38.22,31.7
153,91,281,38.22,31.7
153,91,284,38.22,31.7
152,92,284,38.22,31.7
153,92,288,38.22,31.7
152,92,289,38.22,31.7
153,92,285,38.22,31.7
153,92,289,38.22,31.7
153,92,292,38.22,31.7
153,92,291,38.22,31.7
153,92,291,38.22,31.7
153,92,281,38.22,31.7
154,92,276,38.22,31.7
153,92,272,38.22,31.7
153,92,272,38.22,31.7
153,92,270,38.22,31.7
154,91,272,38.22,31.7
153,91,271,38.22,31.7
153,91,270,38.22,31.7
153,91,269,38.22,31.7
153,90,266,38.22,31.7
153,90,261,38.22,31.7
154,90,260,38.22,31.7
154,90,263,38.22,31.7
154,90,264,38.22,31.7
153,91,270,38.22,31.7
153,90,270,38.22,31.7
153,90,273,38.22,31.7
153,91,273,38.22,31.7
153,92,281,38.22,31.7
152,92,286,38.22,31.7
152,92,294,38.22,31.7
152,92,298,38.22,31.7
152,91,299,38.22,31.7
151,91,301,38.22,31.7
151,91,299,38.22,31.7
151,92,299,38.22,31.7
151,92,298,38.22,31.7
151,92,290,38.22,31.7
151,92,287,38.22,31.7
152,92,290,38.22,31.7
152,92,287,38.22,31.7
152,92,281,38.22,31.7
152,92,267,38.22,31.7
152,92,265,38.22,31.7
153,91,269,38.22,31.7
153,91,264,38.22,31.7
154,91,252,38.22,31.7
154,91,259,38.22,31.7
154,91,265,38.22,31.7
154,91,266,38.22,31.7
154,91,262,38.22,31.7
155,91,262,38.22,31.7
154,91,263,38.22,31.7
155,91,260,38.22,31.7
154,91,259,38.22,31.7
154,91,256,38.22,31.7
154,91,260,38.22,31.7
154,91,261,38.22,31.7
154,91,259,38.22,31.7
155,91,260,38.22,31.7
154,91,261,38.22,31.7
154,91,263,38.22,31.7
155,92,263,38.22,31.7
155,92,267,38.22,31.7
155,92,271,38.22,31.7
155,91,277,38.22,31.7
155,91,281,38.22,31.7
155,91,284,38.22,31.7
155,91,283,38.22,31.7
155,91,281,38.22,31.7
155,91,279,38.22,31.7
155,91,279,38.22,31.7
156,91,277,38.22,31.7
156,91,273,38.22,31.7
155,91,270,38.22,31.7
156,91,260,38.22,31.7
155,91,259,38.22,31.7
155,90,252,38.22,31.7
155,90,248,38.22,31.7
154,90,244,38.22,31.7
154,90,245,38.22,31.7
154,90,248,38.22,31.7
154,90,250,38.22,31.7
154,90,254,38.22,31.7
153,90,256,38.22,31.7
153,90,259,38.22,31.7
153,91,263,38.22,31.7
153,91,263,38.22,31.7
153,91,265,38.22,31.7
153,91,264,38.22,31.7
153,89,263,38.22,31.7
153,90,260,38.22,31.7
153,90,259,38.3,31.5
153,90,260,38.3,31.5
153,90,258,38.3,31.5
153,90,254,38.3,31.5
154,90,252,38.3,31.5
153,90,251,38.3,31.5
153,89,255,38.3,31.5
153,89,251,38.3,31.45
153,89,251,38.3,31.45
153,89,255,38.29,31.45
153,90,253,38.29,31.45
153,90,254,38.29,31.45
152,90,251,38.29,31.45
152,90,251,38.3,31.45
152,90,251,38.3,31.45
153,89,244,38.3,31.45
152,89,241,38.3,31.45
152,89,244,38.3,31.45
152,89,244,38.31,31.45
152,91,245,38.31,31.45
152,91,245,38.31,31.45
152,91,250,38.31,31.45
152,91,251,38.31,31.45
152,90,252,38.31,31.45
152,90,253,38.31,31.45
152,90,255,38.31,31.45
152,90,256,38.31,31.45
151,91,257,38.31,31.45
151,91,255,38.31,31.45
151,91,259,38.32,31.45
151,91,259,38.32,31.45
150,91,257,38.32,31.45
150,91,256,38.32,31.45
150,91,257,38.32,31.45
149,90,255,38.32,31.45
149,90,248,38.32,31.45
149,90,244,38.32,31.45
149,90,245,38.32,31.4
149,90,246,38.31,31.4
149,90,246,38.31,31.4
149,91,252,38.31,31.4
149,91,253,38.31,31.4
149,91,260,38.31,31.4
148,91,266,38.31,31.4
148,91,269,38.31,31.4
148,91,270,38.31,31.4
148,91,267,38.31,31.4
148,91,267,38.31,31.4
148,90,271,38.3,31.4
148,90,270,38.3,31.4
148,90,265,38.3,31.4
148,90,262,38.3,31.4
148,90,259,38.31,31.4
147,90,259,38.31,31.4
147,90,256,38.31,31.45
147,90,250,38.31,31.45
147,90,250,38.31,31.4
147,90,248,38.31,31.4
147,90,247,38.32,31.45
147,90,248,38.32,31.45
147,90,247,38.32,31.45
147,90,246,38.32,31.45
147,90,247,38.32,31.45
147,90,245,38.32,31.45
147,91,245,38.32,31.45
147,91,245,38.32,31.45
147,91,242,38.32,31.45
146,90,243,38.32,31.45
146,91,243,38.32,31.45
146,91,244,38.32,31.45
146,91,249,38.32,31.45
146,90,248,38.32,31.45
146,91,249,38.32,31.45
146,91,249,38.32,31.45
145,91,248,38.32,31.45
145,91,249,38.32,31.45
145,91,251,38.32,31.45
145,91,253,38.32,31.45
144,90,258,38.32,31.45
144,90,258,38.33,31.45
144,90,257,38.33,31.45
144,90,261,38.33,31.45
144,90,261,38.33,31.45
144,90,257,38.33,31.45
144,90,257,38.33,31.45
145,90,257,38.33,31.45
145,90,257,38.33,31.45
145,90,262,38.33,31.45
144,90,262,38.34,31.45
145,91,263,38.34,31.45
144,90,263,38.34,31.45
145,90,262,38.34,31.45
144,91,262,38.34,31.45
144,90,257,38.34,31.45
145,90,256,38.34,31.45
145,90,252,38.34,31.45
145,90,252,38.34,31.45
145,91,249,38.34,31.45
145,91,249,38.33,31.45
145,91,245,38.33,31.45
145,91,245,38.33,31.45
146,91,247,38.33,31.45
146,91,248,38.33,31.45
146,91,246,38.33,31.45
146,91,246,38.33,31.45
147,91,248,38.33,31.45
147,91,252,38.33,31.45
146,91,253,38.33,31.45
147,91,253,38.32,31.45
146,90,254,38.32,31.45
146,91,254,38.32,31.45
146,91,256,38.32,31.45
146,91,256,38.33,31.45
145,91,255,38.33,31.45
145,91,254,38.33,31.45
145,91,256,38.33,31.45
146,91,259,38.33,31.45
145,91,261,38.33,31.5
145,91,264,38.34,31.5
145,91,264,38.34,31.5
145,91,265,38.34,31.5
145,91,268,38.34,31.5
145,92,263,38.34,31.5
145,92,262,38.34,31.5
144,92,255,38.34,31.5
145,92,256,38.34,31.5
144,92,257,38.34,31.5
145,91,258,38.34,31.5
144,91,257,38.34,31.5
145,91,259,38.33,31.5
145,92,258,38.33,31.5
145,92,259,38.33,31.5
145,92,259,38.33,31.5
145,92,259,38.33,31.5
145,92,258,38.33,31.5
146,92,259,38.33,31.5
145,92,260,38.34,31.5
145,92,261,38.34,31.5
145,92,261,38.34,31.5
145,92,261,38.35,31.5
145,92,259,38.35,31.5
145,92,261,38.35,31.5
145,92,261,38.35,31.5
146,92,259,38.35,31.5
146,91,258,38.35,31.5
146,91,259,38.35,31.5
146,91,258,38.35,31.5
146,91,257,38.35,31.5
146,91,257,38.35,31.5
147,91,254,38.36,31.5
146,91,254,38.36,31.55
146,91,253,38.36,31.55
147,91,254,38.36,31.55
147,90,254,38.36,31.55
147,90,252,38.36,31.55
148,90,251,38.36,31.55
148,90,251,38.36,31.55
148,90,250,38.36,31.55
148,90,249,38.36,31.55
148,88,248,38.36,31.55
148,86,248,38.35,31.55
148,83,240,38.35,31.55
147,82,231,38.35,31.55
147,82,231,38.35,31.55
146,0,231,38.35,31.55
146,0,0,38.35,31.55
145,0,0,38.35,31.55
145,0,0,38.35,31.55
145,0,0,38.34,31.55
145,0,0,38.34,31.55
144,80,0,38.34,31.55
144,84,0,38.34,31.55
145,92,137,38.34,31.55
145,92,242,38.34,31.55
144,92,242,38.34,31.55
144,92,274,38.34,31.55
144,85,272,38.34,31.55
144,86,270,38.34,31.55
144,86,260,38.36,31.55
144,87,253,38.36,31.55
143,87,244,38.36,31.55
143,88,242,38.36,31.55
143,90,239,38.36,31.55
143,90,237,38.36,31.55
142,90,236,38.36,31.55
142,90,239,38.36,31.5
141,90,242,38.36,31.5
141,90,245,38.36,31.55
141,90,248,38.36,31.55
140,90,249,38.36,31.55
140,90,247,38.35,31.55
139,90,246,38.35,31.55
138,90,250,38.35,31.55
138,90,250,38.35,31.55
137,90,251,38.35,31.55
137,90,251,38.36,31.55
136,90,251,38.36,31.55
136,89,252,38.36,31.55
136,86,255,38.36,31.55
135,86,247,38.36,31.55
134,86,225,38.37,31.55
134,86,225,38.37,31.55
134,86,0,38.37,31.55
134,63,98,38.37,31.55
135,91,104,38.37,31.55
137,90,157,38.37,31.55
137,89,243,38.37,31.55
137,89,248,38.37,31.55
137,89,249,38.38,31.55
137,89,255,38.38,31.55
136,91,256,38.38,31.55
136,91,255,38.38,31.55
136,91,255,38.38,31.55
136,91,254,38.38,31.55
135,91,258,38.38,31.55
135,92,260,38.38,31.55
135,92,263,38.38,31.55
134,92,260,38.38,31.55
134,92,265,38.37,31.55
134,92,268,38.37,31.55
134,92,267,38.37,31.55
135,92,262,38.37,31.55
135,92,260,38.37,31.55
135,92,261,38.37,31.55
135,91,261,38.37,31.55
135,92,260,38.37,31.55
135,92,260,38.37,31.55
135,92,259,38.37,31.55
135,92,260,38.37,31.55
135,92,260,38.36,31.55
136,92,262,38.36,31.55
136,91,262,38.36,31.55
136,91,264,38.36,31.55
137,92,266,38.36,31.55
137,92,266,38.36,31.55
137,92,269,38.36,31.55
137,91,269,38.36,31.55
138,91,266,38.36,31.55
138,92,261,38.38,31.55
139,93,259,38.38,31.55
139,93,258,38.38,31.55
140,93,256,38.38,31.55
140,93,257,38.38,31.55
140,93,258,38.38,31.55
140,93,258,38.38,31.55
140,92,258,38.38,31.55
140,92,261,38.38,31.55
140,92,265,38.38,31.55
140,92,266,38.38,31.55
140,92,265,38.37,31.55
141,92,264,38.37,31.55
141,92,262,38.37,31.55
141,92,262,38.37,31.55
142,92,260,38.37,31.55
142,92,259,38.38,31.55
142,92,258,38.38,31.55
142,92,258,38.38,31.55
143,92,259,38.38,31.55
143,92,258,38.38,31.55
143,92,259,38.39,31.55
143,92,262,38.39,31.55
144,92,262,38.39,31.55
144,93,264,38.39,31.55
145,92,266,38.39,31.55
145,92,266,38.39,31.55
145,92,266,38.39,31.55
145,92,262,38.39,31.55
145,92,261,38.39,31.55
145,91,261,38.39,31.55
146,92,262,38.4,31.55
146,92,264,38.4,31.55
146,92,264,38.4,31.55
146,92,265,38.4,31.55
146,92,267,38.4,31.55
146,92,268,38.4,31.55
147,92,272,38.4,31.55
147,92,272,38.4,31.55
147,92,270,38.4,31.55
147,92,271,38.39,31.55
147,92,271,38.39,31.55
147,92,271,38.39,31.55
147,92,268,38.39,31.55
147,92,263,38.39,31.55
148,92,262,38.39,31.55
148,92,262,38.39,31.55
148,92,264,38.39,31.55
148,92,262,38.39,31.55
148,92,265,38.39,31.55
148,92,264,38.39,31.55
148,92,262,38.39,31.55
149,92,268,38.38,31.55
149,92,271,38.38,31.55
148,92,267,38.38,31.55
149,93,267,38.38,31.55
149,93,268,38.38,31.55
149,93,273,38.38,31.55
149,93,273,38.38,31.55
149,93,269,38.38,31.55
149,93,268,38.4,31.55
149,92,268,38.4,31.55
149,92,263,38.4,31.55
149,92,263,38.4,31.55
149,92,259,38.4,31.55
149,92,259,38.4,31.55
149,92,258,38.4,31.55
150,92,257,38.4,31.55
149,92,257,38.4,31.55
150,92,258,38.4,31.55
149,92,259,38.39,31.55
149,92,259,38.39,31.55
149,92,262,38.39,31.55
149,92,263,38.39,31.55
149,92,263,38.39,31.55
149,92,264,38.39,31.55
149,92,267,38.39,31.55
149,92,267,38.39,31.55
149,92,269,38.39,31.55
149,92,265,38.39,31.55
149,92,265,38.4,31.55
149,92,264,38.4,31.55
150,92,260,38.4,31.55
150,92,256,38.4,31.55
149,92,255,38.4,31.55
150,92,254,38.4,31.55
150,92,256,38.4,31.55
150,92,252,38.4,31.55
149,92,253,38.4,31.55
150,92,253,38.4,31.55
150,92,254,38.41,31.55
149,92,256,38.41,31.55
150,92,256,38.41,31.55
150,93,256,38.41,31.55
149,93,255,38.41,31.55
149,93,257,38.41,31.55
149,93,262,38.41,31.55
149,93,263,38.42,31.55
149,93,260,38.42,31.55
149,93,258,38.42,31.55
149,92,262,38.42,31.55
148,92,264,38.41,31.55
148,92,264,38.41,31.55
148,92,261,38.41,31.55
148,92,259,38.41,31.55
148,92,258,38.41,31.55
147,92,257,38.41,31.55
148,92,259,38.41,31.55
148,92,256,38.41,31.55
147,92,255,38.41,31.55
148,92,257,38.4,31.55
148,92,259,38.4,31.55
148,92,260,38.4,31.55
147,92,260,38.4,31.55
148,92,261,38.4,31.55
147,92,260,38.4,31.55
147,92,261,38.4,31.55
148,92,260,38.4,31.55
147,92,261,38.4,31.55
147,92,260,38.4,31.55
148,91,260,38.4,31.55
148,91,261,38.41,31.55
148,91,260,38.41,31.55
148,91,261,38.41,31.55
149,91,259,38.41,31.55
149,91,264,38.41,31.55
150,91,267,38.41,31.55
150,91,266,38.41,31.55
150,91,264,38.41,31.55
150,91,265,38.42,31.55
151,91,260,38.42,31.55
150,91,260,38.41,31.55
151,91,257,38.41,31.55
151,91,256,38.41,31.55
150,91,254,38.41,31.55
151,91,253,38.41,31.55
151,92,252,38.41,31.55
151,92,252,38.41,31.55
150,92,252,38.41,31.55
150,92,254,38.41,31.55
150,92,256,38.41,31.55
151,92,256,38.42,31.5
151,92,258,38.42,31.5
150,92,259,38.42,31.5
151,92,259,38.42,31.5
150,92,259,38.42,31.5
151,92,258,38.42,31.5
151,92,257,38.42,31.5
151,92,256,38.42,31.5
150,92,259,38.42,31.5
150,92,260,38.42,31.5
150,92,262,38.42,31.5
150,92,262,38.43,31.5
149,91,262,38.43,31.5
149,91,263,38.43,31.5
149,92,262,38.43,31.5
149,91,261,38.43,31.5
149,92,260,38.43,31.5
149,91,259,38.43,31.5
148,91,260,38.43,31.5
148,91,258,38.42,31.5
148,90,259,38.42,31.5
148,91,259,38.42,31.5
148,91,260,38.42,31.5
148,90,259,38.42,31.5
148,90,257,38.42,31.5
148,90,258,38.42,31.5
148,90,257,38.42,31.5
148,90,257,38.42,31.5
147,91,255,38.42,31.5
147,91,253,38.41,31.5
147,91,252,38.41,31.5
147,91,250,38.41,31.5
147,91,251,38.41,31.5
146,91,251,38.41,31.5
146,91,250,38.41,31.5
146,90,251,38.41,31.5
146,90,252,38.41,31.5
145,90,253,38.41,31.5
145,90,251,38.41,31.5
146,90,251,38.42,31.5
145,90,251,38.42,31.5
145,91,251,38.42,31.5
145,92,253,38.42,31.5
145,91,259,38.42,31.5
145,91,262,38.43,31.5
146,91,270,38.43,31.5
145,91,270,38.43,31.5
146,91,273,38.43,31.5
146,91,275,38.43,31.55
146,91,275,38.42,31.55
146,91,268,38.42,31.55
146,91,258,38.42,31.55
146,91,250,38.42,31.55
146,91,248,38.42,31.55
146,91,249,38.42,31.55
146,90,251,38.42,31.55
146,91,252,38.42,31.55
146,91,257,38.42,31.55
147,91,259,38.42,31.55
147,91,264,38.42,31.55
147,91,264,38.43,31.55
147,91,262,38.43,31.55
147,91,263,38.43,31.55
148,91,262,38.43,31.55
148,91,265,38.43,31.55
148,91,261,38.43,31.55
147,91,264,38.43,31.55
147,91,261,38.43,31.55
147,91,260,38.43,31.55
147,91,260,38.43,31.55
147,91,260,38.43,31.55
147,91,258,38.44,31.55
147,91,259,38.44,31.55
147,91,262,38.44,31.55
147,91,261,38.44,31.55
147,91,260,38.44,31.55
147,91,258,38.44,31.55
147,91,259,38.44,31.55
147,91,263,38.44,31.55
147,91,263,38.44,31.55
147,91,261,38.43,31.55
148,91,261,38.43,31.55
148,91,263,38.43,31.55
147,91,261,38.43,31.55
148,91,258,38.43,31.55
148,91,257,38.43,31.55
148,91,255,38.43,31.55
148,91,256,38.43,31.55
148,91,257,38.43,31.55
148,91,255,38.42,31.55
148,91,256,38.42,31.55
148,91,256,38.42,31.55
148,91,262,38.42,31.55
148,91,266,38.42,31.55
148,91,266,38.42,31.55
148,91,266,38.42,31.55
148,91,266,38.42,31.55
148,91,268,38.42,31.55
149,91,264,38.42,31.55
149,91,265,38.42,31.55
148,90,260,38.42,31.55
148,91,260,38.42,31.55
148,91,258,38.42,31.55
148,91,255,38.42,31.55
148,91,252,38.44,31.5
148,91,251,38.44,31.5
148,91,254,38.44,31.5
147,91,253,38.44,31.5
147,91,254,38.44,31.5
147,90,255,38.44,31.5
147,90,257,38.43,31.5
148,90,261,38.43,31.5
148,90,262,38.43,31.5
148,90,261,38.43,31.5
148,90,262,38.43,31.5
148,90,260,38.43,31.5
148,91,259,38.43,31.5
148,91,258,38.43,31.5
149,91,254,38.43,31.5
148,91,252,38.44,31.5
148,90,252,38.44,31.5
149,90,252,38.44,31.5
148,90,252,38.44,31.5
148,90,255,38.44,31.5
148,90,255,38.44,31.5
148,90,257,38.44,31.5
148,90,258,38.44,31.5
147,90,256,38.44,31.5
147,90,257,38.44,31.5
147,90,255,38.44,31.5
147,92,253,38.44,31.5
147,91,255,38.44,31.5
147,91,255,38.44,31.5
147,91,255,38.45,31.5
147,91,256,38.45,31.5
147,91,261,38.45,31.5
147,91,264,38.45,31.5
147,91,265,38.45,31.5
147,91,264,38.45,31.5
147,90,264,38.45,31.5
147,90,265,38.45,31.5
147,91,262,38.44,31.5
147,91,261,38.44,31.5
148,91,257,38.44,31.5
147,92,257,38.44,31.5
148,92,260,38.44,31.5
147,92,259,38.44,31.5
147,92,256,38.44,31.5
147,92,255,38.44,31.5
147,92,257,38.44,31.5
147,92,257,38.43,31.5
147,91,256,38.43,31.5
147,91,256,38.43,31.5
146,91,258,38.43,31.5
147,91,259,38.43,31.5
147,91,265,38.43,31.5
147,91,267,38.43,31.5
147,91,267,38.43,31.5
146,91,267,38.43,31.5
147,91,262,38.43,31.5
146,91,261,38.43,31.5
146,90,260,38.43,31.5
146,90,260,38.45,31.5
146,90,257,38.45,31.5
147,90,257,38.45,31.5
146,91,256,38.45,31.45
147,91,252,38.45,31.45
146,89,253,38.45,31.45
146,89,255,38.45,31.45
146,89,254,38.45,31.45
146,89,256,38.44,31.45
147,89,254,38.44,31.45
147,89,259,38.44,31.45
147,89,265,38.44,31.45
147,89,265,38.44,31.45
147,89,262,38.44,31.45
147,89,262,38.44,31.45
147,89,261,38.44,31.45
147,91,258,38.44,31.45
147,91,258,38.44,31.45
147,90,259,38.44,31.45
147,90,262,38.44,31.45
147,90,263,38.45,31.45
148,90,266,38.45,31.45
148,91,268,38.45,31.45
148,91,269,38.45,31.45
148,90,269,38.45,31.45
148,90,270,38.45,31.45
148,90,268,38.45,31.45
148,90,267,38.46,31.45
148,90,266,38.46,31.45
147,90,264,38.46,31.45
147,91,266,38.46,31.45
148,91,266,38.46,31.45
148,91,267,38.46,31.45
147,91,269,38.46,31.45
147,91,272,38.46,31.45
147,91,271,38.46,31.45
147,91,272,38.46,31.45
147,91,271,38.46,31.45
147,91,270,38.46,31.45
147,91,267,38.46,31.45
147,91,265,38.45,31.45
146,91,262,38.45,31.45
146,91,263,38.45,31.45
147,91,254,38.45,31.45
147,91,254,38.45,31.45
147,91,252,38.45,31.45
147,91,251,38.45,31.45
147,91,253,38.45,31.45
147,91,255,38.44,31.45
147,91,255,38.44,31.45
148,91,256,38.44,31.45
148,91,258,38.44,31.45
148,91,258,38.44,31.45
148,91,260,38.44,31.45
148,91,260,38.44,31.45
148,91,258,38.44,31.45
149,91,260,38.44,31.45
148,91,262,38.44,31.45
148,91,261,38.46,31.45
148,91,259,38.46,31.45
148,91,260,38.46,31.45
148,91,261,38.46,31.45
148,91,260,38.46,31.45
148,91,260,38.46,31.45
148,91,260,38.46,31.45
148,91,261,38.46,31.45
148,91,264,38.46,31.45
148,91,265,38.46,31.45
148,91,268,38.46,31.45
148,91,270,38.45,31.45
148,91,271,38.45,31.4
148,91,272,38.45,31.4
148,91,272,38.45,31.4
148,91,274,38.45,31.4
148,91,273,38.45,31.4
148,91,273,38.45,31.4
148,91,271,38.45,31.4
148,91,270,38.45,31.4
148,91,270,38.46,31.4
148,91,271,38.46,31.4
148,91,267,38.46,31.4
147,91,267,38.46,31.4
148,91,267,38.46,31.4
148,92,267,38.46,31.4
148,92,268,38.46,31.4
148,92,273,38.46,31.4
148,92,276,38.46,31.4
147,91,276,38.46,31.4
147,91,276,38.46,31.4
147,91,276,38.46,31.4
147,91,274,38.47,31.4
147,91,268,38.47,31.4
147,91,267,38.47,31.4
147,91,267,38.47,31.4
147,91,268,38.47,31.4
147,91,271,38.47,31.4
147,91,272,38.47,31.4
147,91,275,38.46,31.4
147,91,286,38.46,31.4
147,91,273,38.46,31.4
147,91,264,38.47,31.4
147,91,256,38.47,31.4
147,91,253,38.47,31.4
147,91,247,38.47,31.4
147,91,243,38.47,31.4
147,91,242,38.47,31.4
146,91,263,38.47,31.4
147,91,266,38.46,31.4
147,92,269,38.46,31.4
146,92,271,38.46,31.4
146,92,270,38.46,31.4
146,92,268,38.46,31.4
146,92,265,38.46,31.4
147,92,263,38.46,31.4
146,92,262,38.46,31.4
147,92,260,38.46,31.4
147,92,260,38.46,31.4
147,91,260,38.46,31.4
147,91,260,38.47,31.4
147,91,259,38.47,31.4
148,91,259,38.47,31.4
148,91,260,38.47,31.4
148,91,260,38.47,31.4
148,91,262,38.47,31.4
148,91,268,38.47,31.4
149,92,274,38.47,31.4
149,92,275,38.47,31.4
149,92,274,38.47,31.4
149,92,270,38.47,31.4
149,92,267,38.46,31.35
149,92,266,38.46,31.35
149,91,261,38.46,31.35
149,91,261,38.46,31.35
149,91,261,38.46,31.35
149,90,264,38.46,31.35
149,90,265,38.46,31.35
149,91,264,38.46,31.35
149,91,265,38.47,31.35
149,90,266,38.47,31.35
149,89,265,38.47,31.35
149,89,264,38.47,31.35
148,89,261,38.47,31.35
148,89,262,38.47,31.35
147,89,261,38.47,31.35
147,89,261,38.47,31.35
146,90,261,38.47,31.35
146,90,263,38.47,31.35
146,90,265,38.48,31.35
146,90,264,38.48,31.35
146,90,257,38.48,31.35
145,89,255,38.48,31.35
145,90,254,38.48,31.35
145,90,244,38.48,31.35
145,90,239,38.48,31.35
145,90,241,38.48,31.35
145,90,244,38.48,31.35
146,90,244,38.48,31.35
146,90,247,38.48,31.35
146,90,252,38.47,31.35
146,90,255,38.47,31.35
146,90,257,38.47,31.35
146,91,258,38.47,31.35
146,91,257,38.47,31.35
146,91,263,38.47,31.35
146,91,262,38.47,31.35
146,91,261,38.47,31.35
146,91,260,38.47,31.35
146,91,260,38.46,31.35
146,91,260,38.46,31.35
146,91,261,38.46,31.35
146,91,261,38.46,31.35
146,91,263,38.46,31.35
146,91,263,38.46,31.35
146,91,263,38.46,31.35
146,91,264,38.46,31.35
146,91,265,38.46,31.35
147,91,265,38.46,31.35
147,91,265,38.46,31.35
147,91,263,38.47,31.3
147,91,261,38.47,31.3
147,91,261,38.47,31.3
147,91,263,38.47,31.3
147,90,263,38.47,31.3
148,90,263,38.47,31.3
148,90,257,38.47,31.3
148,90,266,38.47,31.3
148,90,267,38.47,31.3
149,90,263,38.47,31.3
149,90,262,38.47,31.3
149,90,264,38.47,31.3
149,90,264,38.47,31.3
150,90,258,38.47,31.3
150,90,253,38.47,31.3
150,91,252,38.47,31.3
150,92,253,38.47,31.3
150,92,252,38.46,31.3
150,88,253,38.46,31.3
150,90,252,38.47,31.3
150,90,253,38.47,31.3
149,89,252,38.47,31.3
149,89,254,38.47,31.3
149,90,254,38.47,31.3
149,90,254,38.47,31.3
149,91,255,38.47,31.3
148,91,259,38.47,31.3
148,91,261,38.47,31.3
148,91,262,38.47,31.3
148,91,262,38.47,31.3
148,91,263,38.47,31.3
148,91,264,38.47,31.3
148,91,263,38.47,31.3
148,91,267,38.47,31.3
148,91,266,38.47,31.3
148,91,266,38.47,31.3
148,91,266,38.47,31.3
148,91,267,38.47,31.3
148,91,267,38.47,31.3
148,91,263,38.47,31.3
148,91,260,38.47,31.3
148,91,261,38.47,31.3
148,91,264,38.47,31.3
148,91,264,38.47,31.3
148,91,258,38.47,31.3
148,91,258,38.47,31.3
149,90,259,38.47,31.3
149,90,260,38.47,31.3
148,90,256,38.47,31.3
149,90,258,38.47,31.3
148,90,258,38.47,31.3
148,87,257,38.47,31.3
148,87,255,38.47,31.3
148,89,255,38.47,31.3
148,90,254,38.47,31.3
148,90,254,38.47,31.3
148,90,254,38.47,31.3
148,90,253,38.47,31.3
148,90,253,38.47,31.3
148,90,256,38.47,31.3
148,90,259,38.47,31.3
148,90,259,38.47,31.3
148,90,253,38.47,31.3
148,90,252,38.47,31.3
148,90,250,38.47,31.3
148,91,249,38.47,31.3
148,90,247,38.47,31.3
148,90,248,38.47,31.3
148,90,249,38.47,31.3
148,90,256,38.47,31.3
148,90,257,38.47,31.3
147,90,255,38.47,31.3
148,90,253,38.47,31.3
148,90,251,38.47,31.3
147,91,250,38.47,31.3
147,91,249,38.47,31.3
147,91,248,38.47,31.3
147,91,248,38.47,31.3
147,91,247,38.47,31.3
146,91,248,38.47,31.3
147,91,250,38.47,31.3
146,91,250,38.47,31.3
146,91,251,38.47,31.3
146,91,255,38.47,31.3
146,91,259,38.47,31.3
146,91,260,38.47,31.3
145,91,262,38.47,31.3
145,90,259,38.47,31.3
145,90,262,38.47,31.3
146,90,262,38.47,31.3
145,90,262,38.47,31.3
145,90,262,38.47,31.3
146,90,260,38.47,31.3
145,90,263,38.47,31.3
146,90,270,38.47,31.3
146,91,270,38.47,31.3
146,91,268,38.47,31.3
146,91,267,38.47,31.3
146,91,268,38.47,31.3
147,91,265,38.47,31.3
147,90,263,38.47,31.3
147,91,259,38.47,31.3
147,91,259,38.47,31.3
147,91,259,38.47,31.3
147,92,259,38.47,31.3
147,91,261,38.47,31.3
148,91,259,38.47,31.3
148,91,258,38.47,31.3
148,91,258,38.47,31.3
148,91,258,38.47,31.3
149,91,260,38.47,31.3
149,91,261,38.47,31.3
148,91,259,38.47,31.3
148,91,261,38.47,31.3
148,91,260,38.47,31.3
148,91,264,38.47,31.3
148,91,263,38.47,31.3
149,91,262,38.47,31.3
149,91,263,38.47,31.3
149,91,267,38.47,31.3
148,91,266,38.47,31.3
149,91,267,38.47,31.3
149,91,265,38.47,31.3
148,91,264,38.47,31.3
148,91,258,38.47,31.3
148,91,259,38.47,31.3
148,91,261,38.47,31.3
148,91,260,38.47,31.3
149,92,262,38.47,31.3
149,91,261,38.47,31.3
148,91,263,38.47,31.3
149,92,264,38.47,31.3
149,92,267,38.47,31.3
149,92,270,38.47,31.3
149,92,271,38.47,31.3
149,92,277,38.47,31.3
149,92,279,38.47,31.3
149,92,280,38.47,31.3
149,92,279,38.47,31.3
149,92,280,38.47,31.3
150,92,279,38.47,31.3
150,92,278,38.47,31.3
150,92,275,38.47,31.3
150,92,272,38.47,31.3
151,92,273,38.47,31.3
150,92,270,38.47,31.3
151,92,270,38.47,31.3
151,92,271,38.47,31.3
151,92,272,38.47,31.3
151,91,272,38.47,31.3
152,91,272,38.47,31.3
152,91,270,38.47,31.3
152,90,268,38.47,31.3
152,90,267,38.47,31.3
153,90,265,38.47,31.3
152,90,265,38.47,31.3
153,90,259,38.47,31.3
153,90,256,38.47,31.3
153,89,257,38.47,31.3
153,89,260,38.47,31.3
153,89,259,38.47,31.3
152,89,258,38.47,31.3
152,90,258,38.47,31.3
153,90,263,38.47,31.3
153,90,262,38.47,31.3
153,90,257,38.47,31.3
153,90,258,38.47,31.3
153,90,255,38.47,31.3
153,90,252,38.47,31.3
152,90,252,38.47,31.3
152,90,254,38.47,31.3
152,90,254,38.47,31.3
152,90,259,38.47,31.3
152,88,257,38.47,31.3
152,87,253,38.47,31.3
152,87,243,38.47,31.3
151,87,236,38.47,31.3
151,87,228,38.47,31.3
151,83,215,38.47,31.3
150,74,194,38.47,31.3
150,60,174,38.47,31.3
150,79,155,38.47,31.3
150,79,157,38.47,31.3
151,79,170,38.47,31.3
150,79,180,38.47,31.3
151,79,201,38.47,31.3
150,88,221,38.47,31.3
150,88,257,38.47,31.3
150,88,262,38.47,31.3
150,92,272,38.47,31.3
150,92,274,38.47,31.3
150,92,265,38.47,31.3
150,92,262,38.47,31.3
149,92,255,38.47,31.3
149,92,233,38.47,31.3
149,90,223,38.47,31.3
149,92,212,38.47,31.3
149,91,214,38.47,31.3
149,84,218,38.47,31.3
148,83,221,38.47,31.3
148,82,224,38.47,31.3
148,82,227,38.47,31.3
148,83,225,38.47,31.3
147,84,207,38.47,31.3
147,86,199,38.47,31.3
147,87,192,38.47,31.3
147,88,194,38.47,31.3
147,87,202,38.47,31.3
146,86,207,38.47,31.3
147,86,209,38.47,31.3
146,86,200,38.47,31.3
146,0,200,38.47,31.3
146,0,200,38.47,31.3
146,0,0,38.47,31.3
146,0,0,38.47,31.3
146,0,39,38.47,31.3
145,0,39,38.47,31.3
146,0,39,38.47,31.3
145,0,0,38.47,31.3
145,0,0,38.47,31.3
145,0,0,38.47,31.3
145,0,0,38.47,31.3
145,0,0,38.47,31.3
144,0,0,38.47,31.3
143,0,0,38.47,31.3
142,0,0,38.47,31.3
141,0,0,38.47,31.3
141,0,0,38.47,31.3
141,57,0,38.47,31.3
140,70,157,38.47,31.3
141,85,217,38.47,31.3
141,85,251,38.47,31.3
141,88,261,38.47,31.3
140,90,261,38.47,31.3
140,89,254,38.46,31.1
140,89,250,38.46,31.1
139,91,242,38.46,31.1
139,91,241,38.46,31.1
138,91,241,38.46,31.1
138,91,246,38.46,31.1
138,91,256,38.47,31.1
137,91,262,38.47,31.1
136,91,268,38.47,31.1
135,91,269,38.47,31.1
134,89,270,38.47,31.1
133,89,266,38.47,31.1
133,90,267,38.47,31.1
132,90,265,38.47,31.1
132,89,263,38.47,31.1
132,89,264,38.47,31.1
131,88,260,38.46,31.1
131,88,256,38.46,31.1
131,88,251,38.46,31.1
131,89,241,38.46,31.1
130,90,237,38.46,31.1
130,90,235,38.46,31.1
130,91,236,38.46,31.1
131,91,242,38.46,31.1
131,91,246,38.46,31.1
131,91,257,38.46,31.1
131,91,262,38.46,31.1
132,91,270,38.47,31.15
132,91,273,38.47,31.15
132,91,271,38.47,31.15
133,91,267,38.47,31.15
133,91,268,38.47,31.15
133,92,266,38.47,31.15
134,92,265,38.47,31.15
134,92,263,38.47,31.15
134,92,263,38.48,31.15
134,92,263,38.48,31.15
135,91,264,38.48,31.15
135,91,262,38.48,31.15
135,91,262,38.48,31.15
135,91,259,38.48,31.15
136,91,259,38.48,31.15
136,91,259,38.48,31.15
136,91,257,38.48,31.15
135,90,257,38.48,31.15
135,90,255,38.48,31.15
136,90,254,38.47,31.15
136,91,254,38.47,31.15
136,91,256,38.47,31.15
136,91,254,38.47,31.15
136,91,254,38.47,31.15
137,91,255,38.46,31.15
137,89,260,38.46,31.15
137,89,260,38.46,31.15
137,89,256,38.46,31.15
138,87,253,38.45,31.15
138,88,248,38.45,31.15
138,89,246,38.45,31.15
138,90,240,38.45,31.15
138,92,237,38.45,31.15
139,93,238,38.45,31.15
139,92,245,38.45,31.15
140,92,256,38.45,31.15
139,92,260,38.45,31.15
140,92,263,38.45,31.15
140,92,271,38.46,31.15
140,92,272,38.46,31.15
140,91,276,38.46,31.15
140,91,273,38.46,31.15
141,91,267,38.46,31.15
140,91,265,38.46,31.15
140,90,265,38.46,31.15
140,90,266,38.46,31.15
140,90,264,38.46,31.15
140,90,256,38.46,31.15
140,90,254,38.46,31.15
140,90,254,38.46,31.15
140,90,252,38.45,31.15
140,90,251,38.45,31.15
140,90,250,38.44,31.15
140,91,251,38.44,31.15
140,91,253,38.44,31.15
140,91,253,38.44,31.15
140,91,253,38.44,31.15
140,91,255,38.44,31.15
140,91,256,38.45,31.15
140,91,256,38.45,31.15
140,91,255,38.45,31.15
140,91,255,38.45,31.15
140,91,255,38.45,31.15
140,90,255,38.45,31.15
141,89,255,38.45,31.15
141,89,253,38.45,31.15
141,89,253,38.45,31.15
141,88,247,38.45,31.15
141,88,243,38.45,31.15
142,88,236,38.46,31.1
141,88,236,38.46,31.1
